keys,ru,en
BRAND_NAME,АЛЬФА-БАНК,ALFA-BANK
ROOM_CABINET,Кабинет руководителя,Director's office
ROOM_OPEN_SPACE,Опенспейс,Open space
ROOM_MEETING,Переговорная,Meeting room
ROOM_CORRIDOR,Коридор,Corridor
ROOM_KITCHEN,Кухня,Kitchen
ROOM_RECEPTION,Ресепшн,Reception
ROOM_LOUNGE,Зона отдыха,Lounge
ROOM_DESIGN,Отдел дизайна,Design department
HOME_ROOM_BEDROOM,Спальня,Bedroom
HOME_ROOM_BATHROOM,Ванная,Bathroom
HOME_ROOM_HALL,Прихожая,Hallway
HOME_ROOM_LIVING,Гостиная,Living room
HOME_ROOM_KITCHEN,Кухня,Kitchen
HUD_TITLE,АЛЬФА ОФИС,ALFA OFFICE
HUD_HINT,"Нажми на карту - иди. Красные метки - задания: нажми, и игра начнётся на месте",Tap the map to walk. Red markers are tasks: tap one to go and start it
HUD_HOME_TITLE,ДОМА,AT HOME
HUD_HOME_HINT,"Гуляй по квартире. Шкаф - гардероб, ноутбук или дверь - поехать в офис","Walk around the flat. Wardrobe for outfits, laptop or door to go to the office"
HUD_BLOCKED,Туда не пройти,Can't go there
HUD_TASKS,ЗАДАНИЯ,TASKS
HUD_SHOP,МАГАЗИН,SHOP
HUD_GO_HOME,ОТПРАВИТЬСЯ ДОМОЙ,GO HOME
HUD_ALL_DONE,Все задания закрыты! Можно домой,All tasks closed! Time to go home
HUD_GO_HOME_REMARK,"Всё, на сегодня хватит!",That's it for today!
DIALOGUE_YOU,Ты,You
CHOICE_GO_OFFICE,Поехать в офис,Go to the office
CHOICE_STAY,Ещё побуду дома,Stay a bit longer
HOME_DOOR_QUESTION,Выходим? Офис сам себя не посетит.,Heading out? The office won't visit itself.
HOME_LAPTOP_QUESTION,Закрыть ноутбук и поехать в офис?,Close the laptop and go to the office?
TASKS_TITLE,Задания на сегодня,Today's tasks
TASKS_STREAK,Серия: %d дн. · множитель x%s,Streak: %d days · multiplier x%s
TASK_START,Начать,Start
TASK_GO,Идти,Go
TASK_DONE,Готово,Done
TASK_REWARD,+%d альфа-коинов,+%d alfa coins
TASK_DIFFICULTY_HARD,Сложно,Hard
TASK_DIFFICULTY_VERY_HARD,Очень сложно,Very hard
TASK_BONUS,награда ×%s,reward ×%s
TASK_SKIP,Пропустить,Skip
TASK_SKIPPED,Пропущено,Skipped
TASK_SKIP_QUESTION,Пропустить задание? Награды за него сегодня не будет.,Skip the task? There will be no reward for it today.
TASK_SKIP_CONFIRM,Пропустить,Skip
TASK_SKIP_CANCEL,Попробую ещё,Keep trying
TASK_SKIP_DONE,Задание пропущено,Task skipped
MG_COFFEE_HINT,"Держи, чтобы налить. Отпусти между красными линиями","Hold to pour, release between the red lines"
MG_CUPS,Чашки: %d/%d,Cups: %d/%d
MG_BUBBLE_HINT,Лопай все пупырки!,Pop all the bubbles!
MG_TIME,Время: %d,Time: %d
MG_SORT_HINT,"Красные - в левый лоток, белые - в правый","Red to the left tray, white to the right"
MG_SORT_PROGRESS,Документы: %d/%d,Documents: %d/%d
MG_MISTAKES,Ошибки: %d/%d,Mistakes: %d/%d
MG_RED_HINT,Найди настоящий Альфа-красный #EF3124,Find the real Alfa red #EF3124
MG_ROUND,Раунд %d/%d,Round %d/%d
MG_CHECKIN_HINT,Поздоровайся и отметься,Say hi and check in
MG_CHECKIN_BUTTON,Отметиться,Check in
MG_DONE,ГОТОВО!,DONE!
MG_FAIL,НЕ ВЫШЛО,FAILED
MG_SUCCESS,+%d,+%d
SHOP_TITLE,Магазин наград,Rewards shop
SHOP_TAB_REWARDS,НАГРАДЫ,REWARDS
SHOP_TAB_GARAGE,ГАРАЖ,GARAGE
SHOP_REFRESH,Новый ассортимент через %s,New items in %s
SHOP_BUY,Купить,Buy
SHOP_BOUGHT,Куплено,Bought
SHOP_GRANTED,Награда получена!,Reward granted!
SHOP_VOUCHER,Твой промокод: %s,Your promo code: %s
SHOP_PENDING,Заявка отправлена на подтверждение,Request sent for approval
GARAGE_TITLE,Гараж,Garage
GARAGE_SPEED,до %d км/ч,up to %d km/h
GARAGE_BUY,Купить,Buy
GARAGE_SELECT,Выбрать,Choose
GARAGE_SELECTED,Во дворе,Parked outside
GARAGE_BOUGHT,Теперь это твоя машина!,This car is yours now!
GARAGE_CHOSEN,%s ждёт во дворе,%s is waiting outside
WARDROBE_TITLE,Гардероб,Wardrobe
WARDROBE_DONE,Готово,Done
WARDROBE_RANDOM,Случайный образ,Random look
WARDROBE_SAVED,Образ сохранён!,Look saved!
WARDROBE_LOCK_SHOP,В магазине,In the shop
WARDROBE_LOCK_STREAK,%d дн. подряд,%d days in a row
WARDROBE_LOCKED_SHOP,Купи этот мерч в магазине - и он появится в шкафу,Buy this merch in the shop to unlock it here
WARDROBE_LOCKED_STREAK,Приходи в офис %d дней подряд - и откроется,Come to the office %d days in a row to unlock it
WARDROBE_SLOT_SKIN,Кожа,Skin
WARDROBE_SLOT_HAIR,Волосы,Hair
WARDROBE_SLOT_TOP,Верх,Top
WARDROBE_SLOT_BOTTOM,Низ,Bottom
WARDROBE_SLOT_SHOES,Обувь,Shoes
WARDROBE_SLOT_HAT,Голова,Head
WARDROBE_SLOT_FACE,Лицо,Face
WARDROBE_SLOT_BACK,Спина,Back
WARDROBE_SLOT_HAND,В руках,In hand
RARITY_COMMON,ОБЫЧНЫЙ,COMMON
RARITY_RARE,РЕДКИЙ,RARE
RARITY_EPIC,ЭПИЧЕСКИЙ,EPIC
RARITY_LEGENDARY,ЛЕГЕНДАРНЫЙ,LEGENDARY
ERROR_NOT_ENOUGH_COINS,Не хватает альфа-коинов,Not enough alfa coins
ERROR_ALREADY_PURCHASED,Уже куплено сегодня,Already bought today
ERROR_OFFER_EXPIRED,Ассортимент обновился,The shop has refreshed
ERROR_DUPLICATE_OPERATION,Операция уже обработана,Operation already processed
ERROR_ALREADY_COMPLETED,Задание уже выполнено сегодня,Task already completed today
ERROR_DAILY_CAP_REACHED,Дневной лимит коинов исчерпан,Daily coin limit reached
ERROR_TASK_FAILED,Задание не выполнено,Task not completed
ERROR_UNKNOWN_TASK,Задание не найдено,Task not found
ERROR_TASK_SKIPPED,Задание пропущено сегодня,Task skipped today
ERROR_TASK_NOT_SKIPPABLE,Это задание нельзя пропустить,This task can't be skipped
ERROR_ITEM_LOCKED,Этот предмет ещё не открыт,This item is still locked
ERROR_UNKNOWN_ITEM,Такого предмета нет,No such item
ERROR_INVALID_COLOR,Неверный цвет,Invalid colour
ERROR_UNKNOWN_CAR,Такой машины нет,No such car
ERROR_ALREADY_OWNED,Уже в гараже,Already in the garage
ERROR_CAR_NOT_OWNED,Сначала купи эту машину,Buy this car first
INTRO_SKIP,Удерживай - пропустить,Hold to skip
INTRO_WAKE,07:30. ПОДЪЁМ.,07:30. WAKE UP.
INTRO_STREAK_DAYS,ДНЕЙ ПОДРЯД В ОФИСЕ,DAYS IN A ROW
INTRO_MULTIPLIER,МНОЖИТЕЛЬ ОЧКОВ x%s,POINTS MULTIPLIER x%s
INTRO_WELCOME,ПРИВЕТСТВЕННЫЙ БОНУС +%d,WELCOME BONUS +%d
INTRO_TEETH,ЗУБЫ. ДВЕ МИНУТЫ. НУ ПОЧТИ.,TEETH. TWO MINUTES. ALMOST.
INTRO_BREAKFAST,ЗАВТРАК.,BREAKFAST.
INTRO_PARKING,%s ЖДЁТ ВО ДВОРЕ.,THE %s IS WAITING OUTSIDE.
INTRO_ENGINE_RETRY,ЧИХ-ПЫХ...,COUGH-COUGH...
INTRO_AUTOBAHN,ТРАССА. %d КМ/Ч. ЛИВЕНЬ.,MOTORWAY. %d KM/H. POURING RAIN.
INTRO_AUTOBAHN_SLOW,ТРАССА. %d КМ/Ч. ВСЕ ОБГОНЯЮТ.,MOTORWAY. %d KM/H. EVERYONE OVERTAKES.
INTRO_TRAFFIC,ГОРОД. ПРОБКА. ВСЕ ЕДУТ В ОФИС.,CITY. TRAFFIC JAM. EVERYONE IS HEADING TO THE OFFICE.
INTRO_HONK,БИП!,HONK!
INTRO_ARRIVE,АЛЬФА-БАНК. ВХОД.,ALFA-BANK. ENTRANCE.
INTRO_LEAVE_OFFICE,РАБОЧИЙ ДЕНЬ ОКОНЧЕН.,THE WORKDAY IS OVER.
INTRO_NIGHT_DRIVE,ВЕЧЕР. ДОМОЙ ПО ОГНЯМ ГОРОДА.,EVENING. HOME THROUGH THE CITY LIGHTS.
INTRO_HOME_ARRIVE,ДОМА.,HOME.
INTRO_SLEEP,ОТБОЙ. ЗАВТРА СНОВА В ОФИС.,LIGHTS OUT. OFFICE AGAIN TOMORROW.
HUD_SCAN,QR,QR
QR_SCAN_TITLE,Сканер QR,QR scanner
QR_SCAN_HINT,Наведи камеру на QR-код у двери комнаты или на экране офиса,Point the camera at a room door code or the office screen
QR_WRONG_CODE,Это не тот QR-код,That's not the right QR code
QR_UNKNOWN_ROOM,Такой комнаты нет на карте,No such room on the map
QR_GOING_TO_ROOM,Идём: %s,Heading to: %s
QR_COLLEAGUE_HINT,Это профиль коллеги. Он нужен в заданиях на знакомство,That's a colleague's profile. It is used in the meet-a-colleague tasks
QR_ALREADY_CHECKED_IN,Ты уже в офисе,You're already at the office
QR_BACK_IN_OFFICE,С возвращением в офис!,Welcome back to the office!
QR_CHECKED_OUT,"Ты вышел из офиса. Задания подождут до следующего входа","You've left the office. Tasks will wait until you come back"
MG_NO_SENSORS,На этом устройстве нет нужных датчиков.,This device lacks the required sensors.
MG_NO_PERMISSION,Нет доступа к датчикам.,No access to the sensors.
MG_FALLBACK,Играем в упрощённую версию.,Playing the simplified version.
MG_UNAVAILABLE,Задание недоступно на этом устройстве,This task isn't available on this device
MG_PRESENCE_HINT,Отсканируй QR-код на экране у ресепшна,Scan the QR code on the reception screen
MG_CARRY_HINT,"Держи телефон ровно, как поднос, и неси кофе: %s",Hold the phone flat like a tray and carry the coffee to: %s
MG_CARRY_START,Кофе на кухне. Отсканируй QR у двери: %s,The coffee is in the kitchen. Scan the door code: %s
MG_CARRY_FINISH,Отсканируй QR у двери: %s,Scan the door code: %s
MG_CARRY_WRONG_ROOM,Не та комната. Нужна: %s,Wrong room. Go to: %s
MG_CARRY_ARRIVED,Я НА МЕСТЕ,I'M THERE
MG_CARRY_LEVEL,Кофе: %d%%,Coffee: %d%%
MG_STAIRS_HINT,Пройди %d шагов по офису. Телефон можно убрать в карман,Walk %d steps around the office. The phone can stay in your pocket
MG_FOUND,Найдено: %d/%d,Found: %d/%d
MG_SQUATS_HINT,"Поставь телефон так, чтобы были видны ноги. Сделай %d приседаний",Place the phone so your legs are visible. Do %d squats
MG_SQUATS_NO_BODY,Не вижу ног,Can't see your legs
MG_SQUATS_DOWN,Вниз!,Down!
MG_SQUATS_UP,Вверх!,Up!
MG_SING_HINT,"Спой ноту и держи, пока полоска не заполнится",Sing the note and hold it until the bar fills
MG_SING_SILENCE,тишина,silence
MG_TWISTER_HINT,Нажми и произнеси скороговорку вслух,Press and say the tongue twister aloud
MG_TWISTER_SPEAK,ГОВОРИТЬ,SPEAK
MG_TWISTER_LISTENING,СЛУШАЮ...,LISTENING...
MG_TWISTER_GOOD,Чисто! Следующая,Clean! Next one
MG_TWISTER_AGAIN,"Не разобрал, ещё раз","Didn't catch that, try again"
MG_TWISTER_ERROR,Распознавание не сработало: %s,Recognition failed: %s
MG_SELFIE_HINT,Встаньте вдвоём перед фронтальной камерой и улыбнитесь,Stand together in front of the selfie camera and smile
MG_HUNT_HINT,Найди метки на предметах и наведи на них камеру,Find the markers on objects and point the camera at them
MG_HUNT_COOLER,Кулер,Water cooler
MG_HUNT_PLANT,Растение,Plant
MG_HUNT_LOGO,Логотип,Logo
NOTE_C,ДО,C
NOTE_CS,ДО#,C#
NOTE_D,РЕ,D
NOTE_DS,РЕ#,D#
NOTE_E,МИ,E
NOTE_F,ФА,F
NOTE_FS,ФА#,F#
NOTE_G,СОЛЬ,G
NOTE_GS,СОЛЬ#,G#
NOTE_A,ЛЯ,A
NOTE_AS,ЛЯ#,A#
NOTE_B,СИ,B
ERROR_PRESENCE_REQUIRED,Сначала отсканируй код ВХОД на экране у ресепшна,Scan the IN code on the reception screen first
ERROR_OFFICE_NETWORK_REQUIRED,Подключись к Wi-Fi офиса: игра работает только в его сети,Connect to the office Wi-Fi: the game works only on its network
ERROR_PRESENCE_TOKEN_INVALID,QR-код устарел или недействителен,The QR code has expired or is invalid
ERROR_PRESENCE_TOKEN_REUSED,Этот QR-код уже использован,This QR code has already been used
ERROR_COLLEAGUE_INVALID,Неверный профиль коллеги,Invalid colleague profile
ERROR_COLLEAGUE_ALREADY_USED,С этим коллегой сегодня уже было задание,You've already done a task with this colleague today
PROFILE_TITLE,Профиль,Profile
OFFICE_SCREEN_HINT,"Отсканируй в игре «Альфа Офис», чтобы отметиться",Scan in Alfa Office to check in
OFFICE_SCREEN_ENTRY,ВХОД - отсканируй при входе,IN - scan when you arrive
OFFICE_SCREEN_EXIT,ВЫХОД - отсканируй при уходе,OUT - scan when you leave
OFFICE_SCREEN_OFFLINE,"Нет связи с сервером, пробую снова","No connection to the server, retrying"
OFFICE_SCREEN_NO_KEY,"Нет ключа экрана: запустите с --kiosk-key=<NAKAMA_HTTP_KEY>","No screen key: run with --kiosk-key=<NAKAMA_HTTP_KEY>"
OFFICE_SCREEN_REFRESH,Код обновится через %d с,New code in %d s
MG_FIND_OBJECT_HINT,Покажи камере названный предмет и подержи в кадре,Show the named object to the camera and hold it in frame
MG_FIND_OBJECT_SEEN,Вижу: %s,I see: %s
MG_FIND_OBJECT_NOTHING,Ничего не узнаю,I don't recognize anything
OBJ_MUG,Кружка,Mug
OBJ_PLANT,Растение,Plant
OBJ_SCREEN,Монитор,Screen
OBJ_CHAIR,Стул,Chair
OBJ_CLOCK,Часы,Clock
OBJ_PHONE,Телефон,Phone
OBJ_KEYBOARD,Клавиатура,Keyboard
OBJ_PAPERS,Бумаги,Papers
OBJ_GLASSES,Очки,Glasses
OBJ_BAG,Сумка,Bag
OBJ_BOTTLE,Бутылка,Bottle
ROOM_PA_OPEN_SPACE,Опенспейс аналитиков,Analysts' open space
ROOM_PA_DATA_LAB,Дата-лаб,Data lab
ROOM_PA_CORRIDOR,Коридор,Corridor
ROOM_PA_HALL,Лифтовый холл,Lift lobby
ROOM_PA_COFFEE,Кофе-поинт,Coffee point
ROOM_PA_WORKSHOP,Переговорная «Гипотеза»,"""Hypothesis"" meeting room"
FLOOR_HQ,Главный офис,Main office
FLOOR_ANALYTICS,Продуктовая аналитика,Product analytics
FLOOR_TITLE,%d этаж · %s,Floor %d · %s
FLOOR_SHORT,%d эт.,fl. %d
HUD_HINT_ANALYTICS,Этаж продуктовой аналитики. Здесь задания на знакомство с коллегами из других отделов. Лифт в холле,Product analytics floor. Tasks here are about meeting colleagues from other departments. The lift is in the lobby
LIFT_QUESTION,Поехать на лифте: %s?,Take the lift: %s?
LIFT_GO,Поехали,Let's go
LIFT_STAY,Остаться,Stay
LIFT_RIDING,Лифт: %s,Lift: %s
LIFT_TASK_ELSEWHERE,Задание на другом этаже: %s. Идём к лифту,The task is on another floor: %s. Heading to the lift
DEPT_DIGITAL,Цифровые продукты,Digital products
DEPT_HR,HR,HR
DEPT_MANAGEMENT,Руководство,Management
DEPT_ADMIN,Административный отдел,Administration
DEPT_DESIGN,Дизайн,Design
DEPT_PRODUCT_ANALYTICS,Продуктовая аналитика,Product analytics
MY_QR_TITLE,Мой QR,My QR
MY_QR_HINT,Покажи код коллеге: он нужен в заданиях на знакомство,Show this code to a colleague: it is used in the meet-a-colleague tasks
PROFILE_STATUS_EMPTY,Статуса пока нет,No status yet
PROFILE_STATUS_EDIT,Изменить статус,Edit status
PROFILE_STATUS_PLACEHOLDER,Что у вас нового?,What's new?
PROFILE_STATUS_SAVE,Сохранить,Save
PROFILE_AVATAR,Аватар,Avatar
PROFILE_AVATAR_UPLOAD,Загрузить своё фото,Upload your photo
PROFILE_AVATAR_NO_GALLERY,На этом устройстве нельзя выбрать фото из галереи,This device can't pick a photo from the gallery
PROFILE_AVATAR_CANCELLED,Фото не выбрано,No photo selected
PROFILE_STREAK,Посещения офиса,Office attendance
PROFILE_VIEW_STREAK,Серия,Streak
PROFILE_VIEW_CALENDAR,Календарь,Calendar
PROFILE_STREAK_DAYS,рабочих дней подряд в офисе,workdays in a row at the office
PROFILE_STREAK_DETAILS,Лучшая серия: %d · множитель наград ×%s,Best streak: %d · reward multiplier ×%s
PROFILE_TODAY_PRESENT,Сегодня вы уже отметились в офисе,You've checked in at the office today
PROFILE_TODAY_CHECK_IN,"Отметься в офисе до 23:59 %s, чтобы серия продолжилась",Check in at the office before 23:59 on %s to keep the streak
PROFILE_TODAY_WEEKEND,Сегодня выходной: серия в безопасности,It's the weekend: your streak is safe
CAL_WEEKDAYS,"Пн,Вт,Ср,Чт,Пт,Сб,Вс","Mo,Tu,We,Th,Fr,Sa,Su"
CAL_MONTHS,"янв,фев,мар,апр,май,июн,июл,авг,сен,окт,ноя,дек","Jan,Feb,Mar,Apr,May,Jun,Jul,Aug,Sep,Oct,Nov,Dec"
CAL_LEGEND_NONE,нет,none
CAL_LEGEND_OFFICE,в офисе,office
CAL_LEGEND_BUSY,3+ задания,3+ tasks
CAL_DAY_PRESENT,в офисе,at the office
CAL_DAY_ABSENT,без отметки,no check-in
PROFILE_TOTAL_DAYS,дней в офисе,office days
PROFILE_TOTAL_TASKS,заданий,tasks
PROFILE_TOTAL_COINS,коинов за задания,coins from tasks
PROFILE_HISTORY,История заданий,Task history
PROFILE_HISTORY_EMPTY,Заданий пока не было,No tasks yet
PROFILE_NOTIFICATIONS,Уведомления,Notifications
PROFILE_NOTIFICATIONS_ON,"Включены: напомним о серии, розыгрыше и новостях","On: reminders about your streak, the draw and news"
PROFILE_NOTIFICATIONS_OFF,Выключены,Off
PROFILE_NOTIFICATIONS_ENABLE,Включить уведомления,Turn on notifications
PROFILE_NOTIFICATIONS_DISABLE,Выключить,Turn off
PROFILE_NOTIFICATIONS_DENIED,Разрешение не дано. Его можно включить в настройках телефона,Permission denied. You can allow it in the phone settings
PROFILE_NOTIFICATIONS_UNSUPPORTED,На этом устройстве уведомления пока не поддерживаются,Notifications are not supported on this device yet
INBOX_TITLE,Уведомления,Notifications
INBOX_EMPTY,Пока ничего нового,Nothing new yet
INBOX_PENALTY,"Штраф за пропуски: −%d альфа-коинов. %d раб. дн. подряд без офиса, списано %d%% баланса (%s)","Absence fine: −%d alfa coins. %d workdays in a row without the office, %d%% of the balance taken (%s)"
INBOX_STREAK_RESET,Серия из %d дн. сгорела: %s вы не отметились в офисе,Your %d-day streak is gone: you didn't check in at the office on %s
INBOX_PHOTO_REQUEST,"%s сделал(а) с вами совместное фото. Подтвердите, что это правда",%s took a photo with you. Please confirm it really happened
INBOX_PHOTO_CONFIRMED,%s подтвердил(а) совместное фото: +%d альфа-коинов,%s confirmed your photo: +%d alfa coins
INBOX_PHOTO_DECLINED,%s не подтвердил(а) фото. Задание снова доступно,%s didn't confirm the photo. The task is open again
INBOX_RAFFLE_WIN,Вы выиграли розыгрыш: %s! Администратор свяжется с вами,You won the draw: %s! An administrator will contact you
INBOX_RAFFLE_LOST,"Розыгрыш парковки завершён, победил(а) %s. Повезёт в следующий раз","The parking draw is over, %s won. Better luck next time"
INBOX_PHOTO_CONFIRM,"Да, это правда","Yes, it's true"
INBOX_PHOTO_DECLINE,Нет,No
INBOX_STATE_CONFIRMED,Подтверждено,Confirmed
INBOX_STATE_DECLINED,Отклонено,Declined
INBOX_STATE_EXPIRED,Истекло,Expired
INBOX_STATE_PENDING,Ждёт ответа,Waiting
NOTIF_TITLE,Альфа Офис,Alfa Office
NOTIF_STREAK_REMINDER,Серия %d дн. под угрозой: отметься в офисе до %s,Your %d-day streak is at risk: check in at the office before %s
NOTIF_CHECK_IN_REMINDER,Рабочий день начался: отметься в офисе до %s и начни новую серию,The workday has started: check in at the office before %s and start a new streak
NOTIF_RAFFLE_DAY,Завтра в %s розыгрыш места на тёплом паркинге,Tomorrow at %s: the warm parking space draw
NOTIF_RAFFLE_HOUR,Через час розыгрыш места на тёплом паркинге. Итоги в магазине наград,The parking space draw starts in an hour. Results in the reward shop
INTRO_STREAK_LOST,СЕРИЯ %d ДН. СГОРЕЛА,YOUR %d-DAY STREAK IS GONE
INTRO_FINED,ШТРАФ ЗА ПРОПУСКИ −%d,ABSENCE FINE −%d
SHOP_TAB_RAFFLE,РОЗЫГРЫШ,DRAW
RAFFLE_TITLE,Розыгрыш парковки,Parking draw
RAFFLE_DRAW_AT,Розыгрыш %s в %s,Draw on %s at %s
RAFFLE_COUNTDOWN_UNITS,дни : часы : минуты,days : hours : minutes
RAFFLE_REQUIREMENT,Участвуют самые активные: нужно %d дней в офисе за последние %d дней. У вас: %d,For the most active players: %d office days in the last %d days required. You have %d
RAFFLE_BUY,Купить билет,Buy a ticket
RAFFLE_HAS_TICKET,Билет куплен,Ticket bought
RAFFLE_TICKET_BOUGHT,Билет куплен. Удачи!,Ticket bought. Good luck!
RAFFLE_RESULTS_TODAY,Сегодня подведены итоги,The results are in today
RAFFLE_WATCH,Смотреть розыгрыш,Watch the draw
RAFFLE_WATCH_AGAIN,Посмотреть ещё раз,Watch again
RAFFLE_WINNER,Победитель: %s,Winner: %s
RAFFLE_YOU_WON,Вы выиграли место на паркинге!,You won the parking space!
RAFFLE_NO_ENTRANTS,Участников не было,There were no entrants
RAFFLE_ENTRANTS,Участников: %d,Entrants: %d
RAFFLE_FAIRNESS,"Победителя определяет случайное зерно сервера. Его хэш опубликован до розыгрыша, само зерно после, поэтому результат можно проверить","The winner is decided by a random server seed. Its hash is published before the draw and the seed after it, so anyone can check the result"
RAFFLE_COMMITMENT,Хэш зерна: %s,Seed hash: %s
RAFFLE_SEED,Зерно: %s,Seed: %s
RAFFLE_ROULETTE_TITLE,РОЗЫГРЫШ МЕСТА НА ПАРКИНГЕ,PARKING SPACE DRAW
RAFFLE_CLOSE,Закрыть,Close
ERROR_RAFFLE_CLOSED,Продажа билетов закрыта,Ticket sales are closed
ERROR_RAFFLE_ALREADY_JOINED,У вас уже есть билет,You already have a ticket
ERROR_RAFFLE_NOT_ELIGIBLE,Пока мало дней в офисе для участия,Not enough office days to take part yet
ERROR_PENDING_CONFIRMATION,Ждём подтверждения от коллеги,Waiting for your colleague to confirm
ERROR_COLLEAGUE_NOT_ASSIGNED,"Это не тот коллега, которого выбрала игра",That's not the colleague the game picked
ERROR_COLLEAGUE_NOT_PRESENT,Коллеги сейчас нет в офисе,The colleague is not at the office now
ERROR_NOT_ENOUGH_FACES,В кадре должно быть двое,Two people must be in the frame
ERROR_NO_COLLEAGUE_AVAILABLE,Сейчас в офисе нет свободных коллег. Попробуй позже,No colleagues are available at the office right now. Try later
ERROR_SAME_DEPARTMENT,Нужен коллега из другого департамента,You need a colleague from another department
ERROR_SAME_DEPARTMENT_TWICE,"Этот департамент уже есть, нужен другой","That department is already on the card, find another one"
ERROR_NOT_ENOUGH_COLLEAGUES,Нужно больше коллег,More colleagues needed
ERROR_STATUS_TOO_LONG,Статус слишком длинный,The status is too long
ERROR_UNKNOWN_AVATAR,Такого аватара нет,No such avatar
ERROR_AVATAR_MISSING,Сначала загрузите фото,Upload a photo first
ERROR_AVATAR_TOO_BIG,Фото слишком большое,The photo is too big
ERROR_AVATAR_INVALID,Не удалось прочитать фото,Couldn't read the photo
ERROR_UNKNOWN_REQUEST,Запрос не найден,Request not found
ERROR_REQUEST_CLOSED,На этот запрос уже ответили,This request has already been answered
TASK_PENDING,Ждёт,Waiting
PHOTO_SENT,"Фото отправлено: ждём, когда %s подтвердит",Photo sent: waiting for %s to confirm
MG_PHOTO_FIND,"Игра выбрала коллегу, который сейчас в офисе. Найдите друг друга",The game picked a colleague who is at the office now. Find each other
MG_PHOTO_CONFIRM_NOTE,"После снимка коллеге придёт запрос, и он подтвердит, что фото правда было. Снимок никуда не сохраняется",After the shot your colleague gets a request to confirm the photo really happened. The picture is not saved anywhere
MG_PHOTO_START,"Мы вместе, открыть камеру","We're together, open the camera"
MG_PHOTO_FACES,Лиц в кадре: %d из %d,Faces in the frame: %d of %d
MG_MEET_FIND,Найди этого коллегу. Вопросы ниже помогут начать разговор,Find this colleague. The questions below help to start talking
MG_MEET_ANYONE,"Подойдёт любой коллега из другого департамента, который сейчас в офисе",Any colleague from another department who is at the office now will do
MG_MEET_TOPIC,ВОПРОС ДЛЯ РАЗГОВОРА,CONVERSATION STARTER
MG_MEET_NEXT_TOPIC,Другой вопрос,Another question
MG_MEET_START,Мы встретились,We've met
MG_MEET_TALKING,Разговор: %s,Talking: %s
MG_MEET_SCAN_BUTTON,Отсканировать «Мой QR» коллеги,"Scan the colleague's ""My QR"""
MG_MEET_SCAN,Попроси коллегу открыть «Мой QR» в игре и отсканируй код,"Ask your colleague to open ""My QR"" in the game and scan it"
MG_MEET_WRONG_PERSON,Это не %s. Найди нужного коллегу,That's not %s. Find the right colleague
MG_MEET_OWN_CODE,Это твой собственный код,That's your own code
MG_TIME_LEFT,Осталось: %s,Left: %s
MG_BINGO_HINT,"Познакомься с %d коллегами из разных департаментов, кроме своего, и отсканируй их «Мой QR»","Meet %d colleagues from different departments other than yours and scan their ""My QR"""
MG_BINGO_SCAN_BUTTON,Отсканировать коллегу,Scan a colleague
MG_BINGO_SCAN,Коллега №%d: отсканируй его «Мой QR»,"Colleague #%d: scan their ""My QR"""
MG_BINGO_SLOT,Коллега №%d: ?,Colleague #%d: ?
MG_BINGO_ALREADY,Этот коллега уже в карточке,This colleague is already on the card
COLLEAGUE_USUALLY_AT,Последний раз: %s,Last seen: %s
LOGIN_TITLE,Вход в игру,Sign in
LOGIN_USERNAME,Логин,Username
LOGIN_PASSWORD,Пароль,Password
LOGIN_SUBMIT,Войти,Sign in
LOGIN_CONNECTING,Подключение...,Connecting...
LOGIN_HINT,"Логин и пароль выдаёт администратор. Входить нужно раз в неделю","Your username and password come from the admin. You sign in once a week"
LOGIN_ERROR_CREDENTIALS,"Неверный логин или пароль. Нет доступа - обратитесь к администратору","Wrong username or password. No access yet? Ask the admin"
LOGIN_ERROR_BLOCKED,Доступ закрыт. Обратитесь к администратору,Access is closed. Ask the admin
LOGIN_ERROR_NETWORK,Нет связи с сервером. Проверьте Wi-Fi и попробуйте снова,No connection to the server. Check Wi-Fi and try again
LOGIN_ERROR_NOT_PLAYER,Это аккаунт администратора. Войдите как игрок,This is the admin account. Sign in as a player
LOGIN_ERROR_SERVER,Сервер не ответил. Попробуйте ещё раз,The server did not answer. Try again
PROFILE_SIGN_OUT,Выйти из аккаунта,Sign out
ERROR_NETWORK,Нет связи с сервером. Проверь Wi-Fi,No connection to the server. Check Wi-Fi
ERROR_SERVER,Сервер не ответил. Попробуй ещё раз,The server did not answer. Try again
ERROR_UNAUTHENTICATED,Сессия закончилась. Войди снова,Your session has ended. Sign in again
ERROR_INVALID_PAYLOAD,Сервер не понял запрос,The server did not understand the request
ERROR_NOT_PLAYER,Это аккаунт администратора,This is the admin account
ERROR_ALREADY_IN_OFFICE,Ты уже в офисе,You're already at the office
ERROR_NOT_IN_OFFICE,Ты сейчас не в офисе,You're not at the office now
ERROR_TASK_COOLDOWN,Пауза между заданиями ещё не закончилась,The break between tasks is not over yet
ERROR_OUTSIDE_TASK_WINDOW,Задания засчитываются только в рабочее время,Tasks count only during working hours
ERROR_TASK_NOT_TODAY,Этого задания сегодня нет в списке,This task is not on today's list
ERROR_PLAY_RESTING,Сейчас перерыв: игра откроется после отдыха,Break time: the game opens after the rest
ERROR_PLAY_BLOCKED,На сегодня игра закрыта,The game is closed for today
TASKS_PACK_INFO,Заданий сегодня: %d · пауза между ними %s,Tasks today: %d · break between them %s
TASKS_PACK_INFO_NO_PAUSE,Заданий сегодня: %d,Tasks today: %d
TASKS_LOCK_COOLDOWN,Следующее задание — через %s,Next task in %s
TASKS_LOCK_WINDOW,Задания засчитываются с %s до %s,Tasks count from %s to %s
TASKS_NONE_TODAY,Сегодня выходной: заданий нет,Day off: no tasks today
TASK_LOCKED_COOLDOWN,через %s,in %s
TASK_LOCKED_WINDOW,с %s,from %s
TIME_HOURS,час|часа|часов,hour|hours|hours
TIME_HOURS_GEN,часа|часов|часов,hour|hours|hours
TIME_MINUTES,минуту|минуты|минут,minute|minutes|minutes
TIME_MINUTES_GEN,минуты|минут|минут,minute|minutes|minutes
TIME_HOURS_MINUTES,%d ч %d мин,%d h %d min
TIME_MINUTES_SHORT,%d мин,%d min
PLAY_WARNING_TITLE,Пора отдохнуть,Time for a break
PLAY_WARNING_TEXT,"Вы проводите в игре уже более %s! Отдохните и вернитесь в игру через %s, иначе доступ на сегодня будет ограничен!","You have been playing for more than %s! Take a break and come back in %s, or access will be limited for today!"
PLAY_WARNING_HINT,"Выйдите из игры, пока идёт таймер",Leave the game before the timer runs out
PLAY_REST_NOW,Отдохнуть сейчас,Rest now
PLAY_WARNING_OK,Понятно,Got it
PLAY_PILL,Выйти из игры: %s,Leave the game: %s
PLAY_REST_TITLE,ПЕРЕРЫВ,BREAK
PLAY_REST_TEXT,Отдохните и выпейте кофе. Игра откроется через:,Rest and have a coffee. The game opens in:
PLAY_REST_DONE,Перерыв окончен. Можно возвращаться!,The break is over. Welcome back!
PLAY_RESUME,Вернуться в игру,Back to the game
PLAY_BLOCKED_TITLE,НА СЕГОДНЯ ВСЁ,THAT'S ALL FOR TODAY
PLAY_BLOCKED_TEXT,"На сегодня вы провели слишком много времени в игре! Вам нужно отдохнуть. С любовью, Альфа Банк.","You have spent too much time in the game today! You need some rest. With love, Alfa-Bank."
PLAY_DEFERRED_NOTICE,Время в игре вышло. Спокойно доиграйте мини-игру: после неё или после выхода из неё включится режим отдыха.,Your play time is up. Finish the minigame calmly: the rest starts once it ends or you leave it.
PLAY_TASKS_AFTER_REST,Время в игре вышло: новые задания после отдыха,Your play time is up: new tasks after the rest
NETWORK_TITLE,ТОЛЬКО В ОФИСЕ,OFFICE ONLY
NETWORK_TEXT,Игра работает только в Wi-Fi офиса. Подключитесь к корпоративной сети: в мобильном интернете и дома игра недоступна.,The game works only on the office Wi-Fi. Connect to the corporate network: it is not available on mobile internet or at home.
NETWORK_RETRY,Проверить снова,Check again
